# This file was generated by the SPANR webtool, available at http://tools.genes.toronto.edu
# Task ID: fad787f3-4cea-4a10-a51c-34bcf9cc636a
# Generated at 2015-04-28T18:01:27.641577
#
# variant_id	transcript	dPSI	dPSI_percentile	PSI_WT
SMN2_0	chr5:SMN2:+:NM_017411:Exon8	   7.65	  99.80	  61.67
SMN2_0	chr5:SMN2:+:NM_022876:Exon7	   7.65	  99.80	  61.67
SMN2_0	chr5:SMN1:+:NM_000344:Exon8	   7.67	  99.80	  61.70
SMN2_0	chr5:SMN1:+:NM_022874:Exon7	   7.67	  99.80	  61.70
SMN2_1	chr5:SMN2:+:NM_017411:Exon8	  -2.42	   2.50	  61.67
SMN2_1	chr5:SMN2:+:NM_022876:Exon7	  -2.42	   2.50	  61.67
SMN2_1	chr5:SMN1:+:NM_000344:Exon8	  -2.41	   2.50	  61.70
SMN2_1	chr5:SMN1:+:NM_022874:Exon7	  -2.41	   2.50	  61.70
SMN2_2	chr5:SMN2:+:NM_017411:Exon8	   4.96	  99.40	  61.67
SMN2_2	chr5:SMN2:+:NM_022876:Exon7	   4.96	  99.40	  61.67
SMN2_2	chr5:SMN1:+:NM_000344:Exon8	   4.98	  99.50	  61.70
SMN2_2	chr5:SMN1:+:NM_022874:Exon7	   4.98	  99.50	  61.70
SMN2_3	chr5:SMN2:+:NM_017411:Exon8	   8.56	  99.80	  61.67
SMN2_3	chr5:SMN2:+:NM_022876:Exon7	   8.56	  99.80	  61.67
SMN2_3	chr5:SMN1:+:NM_000344:Exon8	   8.57	  99.80	  61.70
SMN2_3	chr5:SMN1:+:NM_022874:Exon7	   8.57	  99.80	  61.70
SMN2_4	chr5:SMN2:+:NM_017411:Exon8	  -1.04	   7.70	  61.67
SMN2_4	chr5:SMN2:+:NM_022876:Exon7	  -1.04	   7.70	  61.67
SMN2_4	chr5:SMN1:+:NM_000344:Exon8	  -1.05	   7.70	  61.70
SMN2_4	chr5:SMN1:+:NM_022874:Exon7	  -1.05	   7.70	  61.70
SMN2_5	chr5:SMN2:+:NM_017411:Exon8	   1.29	  94.50	  61.67
SMN2_5	chr5:SMN2:+:NM_022876:Exon7	   1.29	  94.50	  61.67
SMN2_5	chr5:SMN1:+:NM_000344:Exon8	   1.29	  94.50	  61.70
SMN2_5	chr5:SMN1:+:NM_022874:Exon7	   1.29	  94.50	  61.70
SMN2_6	chr5:SMN2:+:NM_017411:Exon8	   5.47	  99.50	  61.67
SMN2_6	chr5:SMN2:+:NM_022876:Exon7	   5.47	  99.50	  61.67
SMN2_6	chr5:SMN1:+:NM_000344:Exon8	   5.48	  99.60	  61.70
SMN2_6	chr5:SMN1:+:NM_022874:Exon7	   5.48	  99.60	  61.70
SMN2_7	chr5:SMN2:+:NM_017411:Exon8	   7.65	  99.80	  61.67
SMN2_7	chr5:SMN2:+:NM_022876:Exon7	   7.65	  99.80	  61.67
SMN2_7	chr5:SMN1:+:NM_000344:Exon8	   7.67	  99.80	  61.70
SMN2_7	chr5:SMN1:+:NM_022874:Exon7	   7.67	  99.80	  61.70
SMN2_8	chr5:SMN2:+:NM_017411:Exon8	  13.85	  99.96	  61.67
SMN2_8	chr5:SMN2:+:NM_022876:Exon7	  13.85	  99.96	  61.67
SMN2_8	chr5:SMN1:+:NM_000344:Exon8	  13.87	  99.96	  61.70
SMN2_8	chr5:SMN1:+:NM_022874:Exon7	  13.87	  99.96	  61.70
SMN2_9	chr5:SMN2:+:NM_017411:Exon8	   6.26	  99.70	  61.67
SMN2_9	chr5:SMN2:+:NM_022876:Exon7	   6.26	  99.70	  61.67
SMN2_9	chr5:SMN1:+:NM_000344:Exon8	   6.27	  99.70	  61.70
SMN2_9	chr5:SMN1:+:NM_022874:Exon7	   6.27	  99.70	  61.70
SMN2_10	chr5:SMN2:+:NM_017411:Exon8	   2.71	  98.20	  61.67
SMN2_10	chr5:SMN2:+:NM_022876:Exon7	   2.71	  98.20	  61.67
SMN2_10	chr5:SMN1:+:NM_000344:Exon8	   2.71	  98.20	  61.70
SMN2_10	chr5:SMN1:+:NM_022874:Exon7	   2.71	  98.20	  61.70
SMN2_11	chr5:SMN2:+:NM_017411:Exon8	   1.23	  94.20	  61.67
SMN2_11	chr5:SMN2:+:NM_022876:Exon7	   1.23	  94.20	  61.67
SMN2_11	chr5:SMN1:+:NM_000344:Exon8	   1.24	  94.20	  61.70
SMN2_11	chr5:SMN1:+:NM_022874:Exon7	   1.24	  94.20	  61.70
SMN2_12	chr5:SMN2:+:NM_017411:Exon8	  35.00	  99.99	  61.67
SMN2_12	chr5:SMN2:+:NM_022876:Exon7	  35.00	  99.99	  61.67
SMN2_12	chr5:SMN1:+:NM_000344:Exon8	  34.98	  99.99	  61.70
SMN2_12	chr5:SMN1:+:NM_022874:Exon7	  34.98	  99.99	  61.70
SMN2_13	chr5:SMN2:+:NM_017411:Exon8	  35.42	  99.99	  61.67
SMN2_13	chr5:SMN2:+:NM_022876:Exon7	  35.42	  99.99	  61.67
SMN2_13	chr5:SMN1:+:NM_000344:Exon8	  35.39	  99.99	  61.70
SMN2_13	chr5:SMN1:+:NM_022874:Exon7	  35.39	  99.99	  61.70
SMN2_14	chr5:SMN2:+:NM_017411:Exon8	  36.66	  99.99	  61.67
SMN2_14	chr5:SMN2:+:NM_022876:Exon7	  36.66	  99.99	  61.67
SMN2_14	chr5:SMN1:+:NM_000344:Exon8	  36.63	  99.99	  61.70
SMN2_14	chr5:SMN1:+:NM_022874:Exon7	  36.63	  99.99	  61.70
SMN2_15	chr5:SMN2:+:NM_017411:Exon8	   0.96	  92.10	  61.67
SMN2_15	chr5:SMN2:+:NM_022876:Exon7	   0.96	  92.10	  61.67
SMN2_15	chr5:SMN1:+:NM_000344:Exon8	   0.97	  92.20	  61.70
SMN2_15	chr5:SMN1:+:NM_022874:Exon7	   0.97	  92.20	  61.70
SMN2_16	chr5:SMN2:+:NM_017411:Exon8	   5.46	  99.50	  61.67
SMN2_16	chr5:SMN2:+:NM_022876:Exon7	   5.46	  99.50	  61.67
SMN2_16	chr5:SMN1:+:NM_000344:Exon8	   5.49	  99.60	  61.70
SMN2_16	chr5:SMN1:+:NM_022874:Exon7	   5.49	  99.60	  61.70
SMN2_17	chr5:SMN2:+:NM_017411:Exon8	   7.13	  99.70	  61.67
SMN2_17	chr5:SMN2:+:NM_022876:Exon7	   7.13	  99.70	  61.67
SMN2_17	chr5:SMN1:+:NM_000344:Exon8	   7.12	  99.70	  61.70
SMN2_17	chr5:SMN1:+:NM_022874:Exon7	   7.12	  99.70	  61.70
SMN2_18	chr5:SMN2:+:NM_017411:Exon8	   7.93	  99.80	  61.67
SMN2_18	chr5:SMN2:+:NM_022876:Exon7	   7.93	  99.80	  61.67
SMN2_18	chr5:SMN1:+:NM_000344:Exon8	   7.95	  99.80	  61.70
SMN2_18	chr5:SMN1:+:NM_022874:Exon7	   7.95	  99.80	  61.70
SMN2_19	chr5:SMN2:+:NM_017411:Exon8	   5.77	  99.60	  61.67
SMN2_19	chr5:SMN2:+:NM_022876:Exon7	   5.77	  99.60	  61.67
SMN2_19	chr5:SMN1:+:NM_000344:Exon8	   5.78	  99.60	  61.70
SMN2_19	chr5:SMN1:+:NM_022874:Exon7	   5.78	  99.60	  61.70
SMN2_20	chr5:SMN2:+:NM_017411:Exon8	  -0.60	  14.00	  61.67
SMN2_20	chr5:SMN2:+:NM_022876:Exon7	  -0.60	  14.00	  61.67
SMN2_20	chr5:SMN1:+:NM_000344:Exon8	  -0.59	  14.00	  61.70
SMN2_20	chr5:SMN1:+:NM_022874:Exon7	  -0.59	  14.00	  61.70
SMN2_21	chr5:SMN2:+:NM_017411:Exon8	   1.33	  94.70	  61.67
SMN2_21	chr5:SMN2:+:NM_022876:Exon7	   1.33	  94.70	  61.67
SMN2_21	chr5:SMN1:+:NM_000344:Exon8	   1.34	  94.80	  61.70
SMN2_21	chr5:SMN1:+:NM_022874:Exon7	   1.34	  94.80	  61.70
SMN2_22	chr5:SMN2:+:NM_017411:Exon8	   5.04	  99.50	  61.67
SMN2_22	chr5:SMN2:+:NM_022876:Exon7	   5.04	  99.50	  61.67
SMN2_22	chr5:SMN1:+:NM_000344:Exon8	   5.05	  99.50	  61.70
SMN2_22	chr5:SMN1:+:NM_022874:Exon7	   5.05	  99.50	  61.70
SMN2_23	chr5:SMN2:+:NM_017411:Exon8	  -7.26	   0.30	  61.67
SMN2_23	chr5:SMN2:+:NM_022876:Exon7	  -7.26	   0.30	  61.67
SMN2_23	chr5:SMN1:+:NM_000344:Exon8	  -7.27	   0.30	  61.70
SMN2_23	chr5:SMN1:+:NM_022874:Exon7	  -7.27	   0.30	  61.70
SMN2_24	chr5:SMN2:+:NM_017411:Exon8	  -2.65	   2.20	  61.67
SMN2_24	chr5:SMN2:+:NM_022876:Exon7	  -2.65	   2.20	  61.67
SMN2_24	chr5:SMN1:+:NM_000344:Exon8	  -2.64	   2.20	  61.70
SMN2_24	chr5:SMN1:+:NM_022874:Exon7	  -2.64	   2.20	  61.70
SMN2_25	chr5:SMN2:+:NM_017411:Exon8	   8.48	  99.80	  61.67
SMN2_25	chr5:SMN2:+:NM_022876:Exon7	   8.48	  99.80	  61.67
SMN2_25	chr5:SMN1:+:NM_000344:Exon8	   8.48	  99.80	  61.70
SMN2_25	chr5:SMN1:+:NM_022874:Exon7	   8.48	  99.80	  61.70
SMN2_26	chr5:SMN2:+:NM_017411:Exon8	   1.01	  92.60	  61.67
SMN2_26	chr5:SMN2:+:NM_022876:Exon7	   1.01	  92.60	  61.67
SMN2_26	chr5:SMN1:+:NM_000344:Exon8	   1.02	  92.70	  61.70
SMN2_26	chr5:SMN1:+:NM_022874:Exon7	   1.02	  92.70	  61.70
SMN2_27	chr5:SMN2:+:NM_017411:Exon8	   2.35	  97.70	  61.67
SMN2_27	chr5:SMN2:+:NM_022876:Exon7	   2.35	  97.70	  61.67
SMN2_27	chr5:SMN1:+:NM_000344:Exon8	   2.35	  97.70	  61.70
SMN2_27	chr5:SMN1:+:NM_022874:Exon7	   2.35	  97.70	  61.70
SMN2_28	chr5:SMN2:+:NM_017411:Exon8	  11.67	  99.94	  61.67
SMN2_28	chr5:SMN2:+:NM_022876:Exon7	  11.67	  99.94	  61.67
SMN2_28	chr5:SMN1:+:NM_000344:Exon8	  11.67	  99.94	  61.70
SMN2_28	chr5:SMN1:+:NM_022874:Exon7	  11.67	  99.94	  61.70
SMN2_29	chr5:SMN2:+:NM_017411:Exon8	  11.27	  99.93	  61.67
SMN2_29	chr5:SMN2:+:NM_022876:Exon7	  11.27	  99.93	  61.67
SMN2_29	chr5:SMN1:+:NM_000344:Exon8	  11.30	  99.93	  61.70
SMN2_29	chr5:SMN1:+:NM_022874:Exon7	  11.30	  99.93	  61.70
SMN2_30	chr5:SMN2:+:NM_017411:Exon8	   5.82	  99.60	  61.67
SMN2_30	chr5:SMN2:+:NM_022876:Exon7	   5.82	  99.60	  61.67
SMN2_30	chr5:SMN1:+:NM_000344:Exon8	   5.84	  99.60	  61.70
SMN2_30	chr5:SMN1:+:NM_022874:Exon7	   5.84	  99.60	  61.70
SMN2_31	chr5:SMN2:+:NM_017411:Exon8	   3.99	  99.10	  61.67
SMN2_31	chr5:SMN2:+:NM_022876:Exon7	   3.99	  99.10	  61.67
SMN2_31	chr5:SMN1:+:NM_000344:Exon8	   3.99	  99.10	  61.70
SMN2_31	chr5:SMN1:+:NM_022874:Exon7	   3.99	  99.10	  61.70
SMN2_32	chr5:SMN2:+:NM_017411:Exon8	  -7.71	   0.30	  61.67
SMN2_32	chr5:SMN2:+:NM_022876:Exon7	  -7.71	   0.30	  61.67
SMN2_32	chr5:SMN1:+:NM_000344:Exon8	  -7.73	   0.30	  61.70
SMN2_32	chr5:SMN1:+:NM_022874:Exon7	  -7.73	   0.30	  61.70
SMN2_33	chr5:SMN2:+:NM_017411:Exon8	  13.85	  99.96	  61.67
SMN2_33	chr5:SMN2:+:NM_022876:Exon7	  13.85	  99.96	  61.67
SMN2_33	chr5:SMN1:+:NM_000344:Exon8	  13.87	  99.96	  61.70
SMN2_33	chr5:SMN1:+:NM_022874:Exon7	  13.87	  99.96	  61.70
SMN2_34	chr5:SMN2:+:NM_017411:Exon8	   6.26	  99.70	  61.67
SMN2_34	chr5:SMN2:+:NM_022876:Exon7	   6.26	  99.70	  61.67
SMN2_34	chr5:SMN1:+:NM_000344:Exon8	   6.27	  99.70	  61.70
SMN2_34	chr5:SMN1:+:NM_022874:Exon7	   6.27	  99.70	  61.70
SMN2_35	chr5:SMN2:+:NM_017411:Exon8	  32.06	  99.99	  61.67
SMN2_35	chr5:SMN2:+:NM_022876:Exon7	  32.06	  99.99	  61.67
SMN2_35	chr5:SMN1:+:NM_000344:Exon8	  32.04	  99.99	  61.70
SMN2_35	chr5:SMN1:+:NM_022874:Exon7	  32.04	  99.99	  61.70
SMN2_36	chr5:SMN2:+:NM_017411:Exon8	  33.37	  99.99	  61.67
SMN2_36	chr5:SMN2:+:NM_022876:Exon7	  33.37	  99.99	  61.67
SMN2_36	chr5:SMN1:+:NM_000344:Exon8	  33.35	  99.99	  61.70
SMN2_36	chr5:SMN1:+:NM_022874:Exon7	  33.35	  99.99	  61.70
SMN2_37	chr5:SMN2:+:NM_017411:Exon8	  35.00	  99.99	  61.67
SMN2_37	chr5:SMN2:+:NM_022876:Exon7	  35.00	  99.99	  61.67
SMN2_37	chr5:SMN1:+:NM_000344:Exon8	  34.98	  99.99	  61.70
SMN2_37	chr5:SMN1:+:NM_022874:Exon7	  34.98	  99.99	  61.70
SMN2_38	chr5:SMN2:+:NM_017411:Exon8	  31.54	  99.99	  61.67
SMN2_38	chr5:SMN2:+:NM_022876:Exon7	  31.54	  99.99	  61.67
SMN2_38	chr5:SMN1:+:NM_000344:Exon8	  31.52	  99.99	  61.70
SMN2_38	chr5:SMN1:+:NM_022874:Exon7	  31.52	  99.99	  61.70
SMN2_39	chr5:SMN2:+:NM_017411:Exon8	  12.73	  99.95	  61.67
SMN2_39	chr5:SMN2:+:NM_022876:Exon7	  12.73	  99.95	  61.67
SMN2_39	chr5:SMN1:+:NM_000344:Exon8	  12.75	  99.95	  61.70
SMN2_39	chr5:SMN1:+:NM_022874:Exon7	  12.75	  99.95	  61.70
SMN2_40	chr5:SMN2:+:NM_017411:Exon8	  24.86	  99.99	  61.67
SMN2_40	chr5:SMN2:+:NM_022876:Exon7	  24.86	  99.99	  61.67
SMN2_40	chr5:SMN1:+:NM_000344:Exon8	  24.85	  99.99	  61.70
SMN2_40	chr5:SMN1:+:NM_022874:Exon7	  24.85	  99.99	  61.70
SMN2_41	chr5:SMN2:+:NM_017411:Exon8	  35.42	  99.99	  61.67
SMN2_41	chr5:SMN2:+:NM_022876:Exon7	  35.42	  99.99	  61.67
SMN2_41	chr5:SMN1:+:NM_000344:Exon8	  35.39	  99.99	  61.70
SMN2_41	chr5:SMN1:+:NM_022874:Exon7	  35.39	  99.99	  61.70
SMN2_42	chr5:SMN2:+:NM_017411:Exon8	 -11.31	   0.20	  61.67
SMN2_42	chr5:SMN2:+:NM_022876:Exon7	 -11.31	   0.20	  61.67
SMN2_42	chr5:SMN1:+:NM_000344:Exon8	 -11.32	   0.20	  61.70
SMN2_42	chr5:SMN1:+:NM_022874:Exon7	 -11.32	   0.20	  61.70
SMN2_43	chr5:SMN2:+:NM_017411:Exon8	  36.66	  99.99	  61.67
SMN2_43	chr5:SMN2:+:NM_022876:Exon7	  36.66	  99.99	  61.67
SMN2_43	chr5:SMN1:+:NM_000344:Exon8	  36.63	  99.99	  61.70
SMN2_43	chr5:SMN1:+:NM_022874:Exon7	  36.63	  99.99	  61.70
SMN2_44	chr5:SMN2:+:NM_017411:Exon8	   9.00	  99.80	  61.67
SMN2_44	chr5:SMN2:+:NM_022876:Exon7	   9.00	  99.80	  61.67
SMN2_44	chr5:SMN1:+:NM_000344:Exon8	   9.01	  99.80	  61.70
SMN2_44	chr5:SMN1:+:NM_022874:Exon7	   9.01	  99.80	  61.70
SMN2_45	chr5:SMN2:+:NM_017411:Exon8	   5.37	  99.50	  61.67
SMN2_45	chr5:SMN2:+:NM_022876:Exon7	   5.37	  99.50	  61.67
SMN2_45	chr5:SMN1:+:NM_000344:Exon8	   5.37	  99.50	  61.70
SMN2_45	chr5:SMN1:+:NM_022874:Exon7	   5.37	  99.50	  61.70
SMN2_46	chr5:SMN2:+:NM_017411:Exon8	  14.17	  99.96	  61.67
SMN2_46	chr5:SMN2:+:NM_022876:Exon7	  14.17	  99.96	  61.67
SMN2_46	chr5:SMN1:+:NM_000344:Exon8	  14.17	  99.96	  61.70
SMN2_46	chr5:SMN1:+:NM_022874:Exon7	  14.17	  99.96	  61.70
SMN2_47	chr5:SMN2:+:NM_017411:Exon8	   3.82	  99.10	  61.67
SMN2_47	chr5:SMN2:+:NM_022876:Exon7	   3.82	  99.10	  61.67
SMN2_47	chr5:SMN1:+:NM_000344:Exon8	   3.83	  99.10	  61.70
SMN2_47	chr5:SMN1:+:NM_022874:Exon7	   3.83	  99.10	  61.70
SMN2_48	chr5:SMN2:+:NM_017411:Exon8	  -1.81	   3.90	  61.67
SMN2_48	chr5:SMN2:+:NM_022876:Exon7	  -1.81	   3.90	  61.67
SMN2_48	chr5:SMN1:+:NM_000344:Exon8	  -1.82	   3.80	  61.70
SMN2_48	chr5:SMN1:+:NM_022874:Exon7	  -1.82	   3.80	  61.70
SMN2_49	chr5:SMN2:+:NM_017411:Exon8	  -1.02	   7.90	  61.67
SMN2_49	chr5:SMN2:+:NM_022876:Exon7	  -1.02	   7.90	  61.67
SMN2_49	chr5:SMN1:+:NM_000344:Exon8	  -1.02	   7.90	  61.70
SMN2_49	chr5:SMN1:+:NM_022874:Exon7	  -1.02	   7.90	  61.70
SMN2_50	chr5:SMN2:+:NM_017411:Exon8	  13.85	  99.96	  61.67
SMN2_50	chr5:SMN2:+:NM_022876:Exon7	  13.85	  99.96	  61.67
SMN2_50	chr5:SMN1:+:NM_000344:Exon8	  13.87	  99.96	  61.70
SMN2_50	chr5:SMN1:+:NM_022874:Exon7	  13.87	  99.96	  61.70
SMN2_51	chr5:SMN2:+:NM_017411:Exon8	   6.26	  99.70	  61.67
SMN2_51	chr5:SMN2:+:NM_022876:Exon7	   6.26	  99.70	  61.67
SMN2_51	chr5:SMN1:+:NM_000344:Exon8	   6.27	  99.70	  61.70
SMN2_51	chr5:SMN1:+:NM_022874:Exon7	   6.27	  99.70	  61.70
SMN2_52	chr5:SMN2:+:NM_017411:Exon8	   2.71	  98.20	  61.67
SMN2_52	chr5:SMN2:+:NM_022876:Exon7	   2.71	  98.20	  61.67
SMN2_52	chr5:SMN1:+:NM_000344:Exon8	   2.71	  98.20	  61.70
SMN2_52	chr5:SMN1:+:NM_022874:Exon7	   2.71	  98.20	  61.70
SMN2_53	chr5:SMN2:+:NM_017411:Exon8	   1.23	  94.20	  61.67
SMN2_53	chr5:SMN2:+:NM_022876:Exon7	   1.23	  94.20	  61.67
SMN2_53	chr5:SMN1:+:NM_000344:Exon8	   1.24	  94.20	  61.70
SMN2_53	chr5:SMN1:+:NM_022874:Exon7	   1.24	  94.20	  61.70
SMN2_54	chr5:SMN2:+:NM_017411:Exon8	  35.00	  99.99	  61.67
SMN2_54	chr5:SMN2:+:NM_022876:Exon7	  35.00	  99.99	  61.67
SMN2_54	chr5:SMN1:+:NM_000344:Exon8	  34.98	  99.99	  61.70
SMN2_54	chr5:SMN1:+:NM_022874:Exon7	  34.98	  99.99	  61.70
SMN2_55	chr5:SMN2:+:NM_017411:Exon8	  35.42	  99.99	  61.67
SMN2_55	chr5:SMN2:+:NM_022876:Exon7	  35.42	  99.99	  61.67
SMN2_55	chr5:SMN1:+:NM_000344:Exon8	  35.39	  99.99	  61.70
SMN2_55	chr5:SMN1:+:NM_022874:Exon7	  35.39	  99.99	  61.70
SMN2_56	chr5:SMN2:+:NM_017411:Exon8	  36.66	  99.99	  61.67
SMN2_56	chr5:SMN2:+:NM_022876:Exon7	  36.66	  99.99	  61.67
SMN2_56	chr5:SMN1:+:NM_000344:Exon8	  36.63	  99.99	  61.70
SMN2_56	chr5:SMN1:+:NM_022874:Exon7	  36.63	  99.99	  61.70
SMN2_57	chr5:SMN2:+:NM_017411:Exon8	  -1.02	   7.90	  61.67
SMN2_57	chr5:SMN2:+:NM_022876:Exon7	  -1.02	   7.90	  61.67
SMN2_57	chr5:SMN1:+:NM_000344:Exon8	  -1.02	   7.90	  61.70
SMN2_57	chr5:SMN1:+:NM_022874:Exon7	  -1.02	   7.90	  61.70
